"","logFC","logCPM","F","PValue","FDR"
"RibesNigrum.33600",1.4854067756596,4.0298127721939,29.2760420768303,0.000130068227879334,0.0901999829788137
"RibesNigrum.42196",5.67655141535975,2.59639326057971,31.2390853204308,0.000186602637393608,0.0901999829788137
"RibesNigrum.7712",6.54242642805096,-2.33644634599508,25.5484557239724,0.000406806588105755,0.0911908585280262
"RibesNigrum.49978",2.4474773687233,-0.340811535671685,22.3531097216877,0.000423066074163199,0.0911908585280262
"RibesNigrum.56771",5.61693760574799,-2.28204812945561,24.4996278069208,0.000476991360587317,0.0932673696012651
"RibesNigrum.45099",2.1100636632791,0.118154247926682,20.9546825900738,0.000553020523787616,0.0957386726344061
"RibesNigrum.31256",4.81595018036396,-0.84679541132877,20.9487318040501,0.000561476533187626,0.0961245816792765
"RibesNigrum.47883",1.53205010875385,2.14129037605344,18.7982606584807,0.000856160357756734,0.107198187663552
"RibesNigrum.31175",1.1699795543754,3.95748697615649,18.4174502661124,0.000927914033102351,0.109307256869183
"RibesNigrum.21696",2.07101667166534,2.07690938439302,18.4586687001791,0.000931193098244596,0.109307256869183
"RibesNigrum.38969",1.20111308163226,3.9099180037792,18.3899021266914,0.000933370184856463,0.109307256869183
"RibesNigrum.29449",1.92263574431934,2.01060576809859,18.2518908565253,0.000973016576215916,0.110347285156852
"RibesNigrum.12499",3.32210480561395,3.80377648676457,18.1389445684398,0.000996781786905281,0.110347285156852
"RibesNigrum.52739",3.53263880648249,-1.28575613131284,18.1165432895584,0.00100157507290938,0.110347285156852
"RibesNigrum.7655",2.53747983207971,-1.53626483381106,17.9672768285594,0.00102192885749912,0.110347285156852
"RibesNigrum.26779",2.49323877763746,2.62734203752182,17.3339305293212,0.00118715500116537,0.116064680490114
"RibesNigrum.12377",1.39419762569663,2.90524647144714,17.2346311572371,0.00119966751447189,0.116863024483143
"RibesNigrum.49187",5.67081272116424,1.19252650586221,18.9723236430943,0.00124742725123873,0.117592539567625
"RibesNigrum.4184",2.53498361006731,-1.13657337366594,17.0090600677479,0.00126145192815898,0.117962843950597
"RibesNigrum.56497",6.42183319335333,-1.97676385367988,18.601628402345,0.00133743694396444,0.118853041292865
"RibesNigrum.17199",1.32163538573456,2.21542472646055,16.5426398612718,0.00140132102759302,0.118853041292865
"RibesNigrum.57621",1.31006327433831,1.5667814267923,16.0043523425257,0.00158572067466507,0.118853041292865
"RibesNigrum.45740",6.36260456419374,-1.98560343942179,17.6716068087462,0.0015996197048491,0.118853041292865
"RibesNigrum.41813",1.13624441382849,3.96474369981905,15.8637741218554,0.00163842715908053,0.118853041292865
"RibesNigrum.7588",2.73176590821628,-1.91238569434236,15.6399850040201,0.00172659223450997,0.120144261893649
"RibesNigrum.14039",4.20327471081581,-0.0207200764112013,15.5044423926355,0.00180090540304292,0.120557268497941
"RibesNigrum.16169",1.17807942401409,3.39082789806689,15.4499334308126,0.00180581885773652,0.120557268497941
"RibesNigrum.4502",5.64058601107689,0.475111487611133,16.9923451415597,0.00183036367930477,0.120557268497941
"RibesNigrum.15399",1.35332817144396,3.01004215734181,15.3304971790323,0.00186584835089737,0.120557268497941
"RibesNigrum.51518",5.42860755681428,-2.69605567286874,16.7769019749314,0.00188587377826158,0.121114159945049
"RibesNigrum.52687",3.61569347229794,-1.49154288310191,15.2298103890716,0.00192199996672045,0.121611093725238
"RibesNigrum.52533",5.09895928672964,-1.04136444684876,16.5473001278536,0.00198101396429678,0.122371202558691
"RibesNigrum.26647",1.89704823824603,0.00363550238181918,14.8495298810736,0.00208535267784879,0.123474482321273
"RibesNigrum.5819",2.87439544176269,-1.35729695493422,14.6729556943028,0.00217692812997609,0.125395784181299
"RibesNigrum.1284",3.48943487324128,3.41317524875817,14.6630886299724,0.00220314832536345,0.12560804858387
"RibesNigrum.20881",1.13525466758615,2.67866521883967,14.5324422652225,0.0022531541350676,0.125932835360473
"RibesNigrum.20750",1.13812601357458,4.56097048505237,14.5110873840877,0.00227915585641689,0.125932835360473
"RibesNigrum.55141",2.42375404574202,-0.515938986435908,14.5152706984555,0.00228417276472617,0.125932835360473
"RibesNigrum.34714",1.44582714562732,4.54114445998507,14.411194391774,0.00234330411657319,0.125932835360473
"RibesNigrum.47565",0.893114659629972,5.32612416814104,14.2128183028953,0.00243840623409762,0.127062511620531
"RibesNigrum.30426",3.28534683303131,-1.9189036356173,14.2079216999542,0.00244137909807193,0.127062511620531
"RibesNigrum.48646",3.46836031016557,-0.0716353947663788,14.1946958400702,0.00245640571014688,0.127062511620531
"RibesNigrum.40102",2.25080795750568,2.76348436799002,14.1940370001093,0.00247251765066742,0.127081095699445
"RibesNigrum.18679",4.55096947161013,-0.981406568200537,15.3473382856322,0.00254390437683868,0.127332461456402
"RibesNigrum.13125",5.53670916017097,-0.960511845803829,15.3213194543945,0.00259010048918663,0.127519414192505
"RibesNigrum.20880",1.2717054606394,2.34366695487098,13.8317461787052,0.0026829073202921,0.128496132937009
"RibesNigrum.5020",1.03939889355282,7.1167397579963,13.6958265167379,0.00277693644998021,0.129743837775002
"RibesNigrum.36309",1.38101810762015,4.4490037690328,13.6792106368773,0.00281344719224014,0.130450577673388
"RibesNigrum.37445",2.29928437597556,1.1699204353166,13.6706020838774,0.00281959690546687,0.13051739082164
"RibesNigrum.6524",3.70694430793313,-2.40478032665508,13.6231640300933,0.00285376749861066,0.130609065949345
"RibesNigrum.39155",5.57825888954906,1.08246015775941,14.8365812252385,0.00287749930897353,0.130659181595902
"RibesNigrum.52573",1.21347194975795,4.47908175303404,13.5806371147888,0.00288481106146915,0.130659181595902
"RibesNigrum.17671",1.20351757111851,3.84162834565764,13.5157519133327,0.00293293670302931,0.131006804438651
"RibesNigrum.22175",2.47333563211299,-1.80484764826142,13.3987109285482,0.00299616268647598,0.131278908136184
"RibesNigrum.39700",1.11016208456186,2.22765861062044,13.3720382185883,0.00301681041752251,0.131280709070713
"RibesNigrum.29798",0.880624403552161,4.69597888069195,13.3602210771109,0.00302601115044059,0.131292834932739
"RibesNigrum.33220",1.50775379289959,3.76904489015492,14.5352759480871,0.00307536621423547,0.131881774435742
"RibesNigrum.21822",2.35099408773955,5.87185328036319,13.3088951005875,0.00309272573314181,0.131881774435742
"RibesNigrum.20388",2.51512591422225,-1.28938102987334,13.2105187416056,0.00314544256332828,0.132486542135348
"RibesNigrum.12959",1.38318495676651,3.05533064663156,13.2006967389027,0.00318008449212437,0.132486542135348
"RibesNigrum.16658",1.19584295068986,3.851621588141,13.1421748258072,0.00322892286844366,0.132486542135348
"RibesNigrum.20875",1.48875510975374,2.00261709860098,13.1165807495109,0.00323731500977154,0.132486542135348
"RibesNigrum.12690",1.86182781351637,2.32264511751427,13.1249634663138,0.00324337707154346,0.132486542135348
"RibesNigrum.39895",2.76577731878238,-1.28850035255296,13.0390978830166,0.00330455015347834,0.132486542135348
"RibesNigrum.24719",1.09838182458426,2.43001497856647,12.7736749839635,0.00352661478066434,0.136829217080733
"RibesNigrum.6830",4.80490744915075,-0.00630784437093833,13.6861710373018,0.00372691372459096,0.138388631397864
"RibesNigrum.53069",1.93730931048247,2.01531826477274,12.5348420951695,0.00378779751020724,0.138526408599474
"RibesNigrum.1578",3.18324222626847,-1.97322453116373,12.4907040104985,0.00380226445954322,0.138638596590389
"RibesNigrum.19510",1.04705723019014,4.7739789573243,12.4458412794593,0.00386877643345516,0.138918466485151
"RibesNigrum.14898",1.0556495488787,3.44799062403068,12.403860808067,0.00389183873766219,0.138918466485151
"RibesNigrum.27755",1.97038863934467,0.0324366915738752,12.4008079747242,0.00391985308026961,0.138918466485151
"RibesNigrum.51810",3.89808018241591,-0.118935873199004,12.3950669748335,0.0039319236127087,0.138918466485151
"RibesNigrum.20949",1.03769082289057,4.52571623631329,12.329704786407,0.00398604204911504,0.139446033731761
"RibesNigrum.35258",0.795131694075017,4.16552335524827,12.2055409716922,0.00410577280572188,0.139446033731761
"RibesNigrum.3682",2.00494179273377,-1.52441145944215,12.165045331,0.00415112409199506,0.139446033731761
"RibesNigrum.30261",1.92698092394385,-0.871054976036426,12.1233220256458,0.00419846188232525,0.1398931012548
"RibesNigrum.46824",2.60412560623299,-0.109680638353002,12.1423543992393,0.00420905829508426,0.139991481371029
"RibesNigrum.11877",3.11990271859287,-1.1229014826756,12.1137390621673,0.00422172119525973,0.140115603831277
"RibesNigrum.6219",6.3951516034613,-2.62502105524447,13.122159018173,0.00425162334084785,0.140268579845784
"RibesNigrum.50943",5.02321144007563,-1.02441577955457,13.03972286064,0.00433550925357182,0.14162888213518
"RibesNigrum.27269",2.0853564390125,-0.0423797942251052,12.0332051531517,0.00433575653205721,0.14162888213518
"RibesNigrum.6935",0.898710024590032,3.72712108038961,11.888825828555,0.00447651585622581,0.143889945594568
"RibesNigrum.580",1.19662021297396,5.81679462502606,11.8882713360823,0.00451093076457792,0.144059065588809
"RibesNigrum.54432",1.0074075991004,4.05422232239045,11.8265449812139,0.00455393458840242,0.144527398008175
"RibesNigrum.21023",1.48587066252806,5.90079604306019,11.792648708315,0.00463102708619391,0.144908385858174
"RibesNigrum.24381",1.03532068577301,3.46353028442733,11.7391359226929,0.00466523666729182,0.145034337864373
"RibesNigrum.57911",1.55458531310199,6.52426425243207,11.7302781391398,0.00471137091144143,0.145286353540316
"RibesNigrum.51384",2.14666969024405,-0.973921039638137,11.6993702553674,0.00471691953610136,0.145286353540316
"RibesNigrum.1988",2.25563008749777,-1.71773375407597,11.6494189349515,0.00478278914268155,0.145286353540316
"RibesNigrum.44049",1.75750786858153,-0.219280606310937,11.6466838766137,0.00478642664975038,0.145286353540316
"RibesNigrum.34400",1.22866098315338,3.07774734385804,11.6693357476324,0.00479144968179346,0.145286353540316
"RibesNigrum.37500",1.45291611133295,4.51545297073852,11.5647789714345,0.00493256738291296,0.14674928610585
"RibesNigrum.38330",1.70546791067792,0.0953249467113046,11.5223005604992,0.00495531133952796,0.14674928610585
"RibesNigrum.9247",1.32049353728981,7.29741238994321,11.5426012461771,0.00496312006054336,0.14674928610585
"RibesNigrum.52592",1.25178487175931,3.03218829633225,11.5284944711907,0.00498266884522648,0.146961049440597
"RibesNigrum.658",5.19492272958033,-1.56487715274122,12.3860340047076,0.00507568891150313,0.147370867249608
"RibesNigrum.23000",1.10333389114096,3.56013525747705,11.4056518521143,0.00513979481372363,0.147370867249608
"RibesNigrum.34413",1.21655950572507,3.08345020825021,11.4042810812651,0.00515873454566945,0.147370867249608
"RibesNigrum.59998",4.25665335407208,-1.8416132716049,11.3410271203708,0.00525117806287505,0.147765924041362
"RibesNigrum.1857",5.6872831868709,-2.76099847260131,12.2373875661876,0.00526453175892331,0.147794689054244
"RibesNigrum.55632",3.52853473440718,-2.11685504462959,11.3309255189191,0.00526611954782968,0.147794689054244
"RibesNigrum.10806",0.984575680555889,3.71916257074287,11.2094966629485,0.00541166022529461,0.148673824925894
"RibesNigrum.6504",4.75522527269094,-1.81781132438981,12.0784169737986,0.00543908194865613,0.148673824925894
"RibesNigrum.962",2.30097418098837,0.828453788974689,11.2128359926876,0.00544452016603487,0.148673824925894
"RibesNigrum.17828",2.68748216069927,1.21900104241728,11.1822485712064,0.00549187307633147,0.148673824925894
"RibesNigrum.45500",0.830755984791603,5.50618300450382,11.0814225117431,0.00561252728920619,0.149108794220495
"RibesNigrum.11162",1.15825303969426,2.91956075204171,11.0641669510087,0.00565799102635554,0.149492132096823
"RibesNigrum.28980",0.965797695458813,4.24623482461578,11.0440456152099,0.0056848201982811,0.149780200658434
"RibesNigrum.9184",1.12336364266042,1.30898419652641,10.9916620021548,0.00575849391263535,0.150078434180654
"RibesNigrum.52915",2.11926423091466,2.91308331188824,11.0105075967968,0.00576684942184132,0.150079429316449
"RibesNigrum.17422",0.845264078199455,4.84609445816702,10.9463832768498,0.00583380311130218,0.150563460986865
"RibesNigrum.20913",5.0025474562374,0.464699347245019,11.7452646087593,0.00595260434849637,0.150896080430538
"RibesNigrum.23324",1.67931189371722,2.32610552412358,10.8923400280535,0.00596539557554477,0.150896080430538
"RibesNigrum.24136",1.3645352009448,1.18942302452739,10.8414658895616,0.00601276466581488,0.151407593410962
"RibesNigrum.15050",1.59040263388441,4.35495836741022,10.8535929469594,0.00603222834900525,0.151777726563359
"RibesNigrum.56692",2.36027518246833,0.134580657821216,10.7925321944119,0.00613933152973576,0.153261964379469
"RibesNigrum.3908",2.84518039641537,-2.27551731541807,10.7278130921278,0.00622152812910598,0.153509339290892
"RibesNigrum.53027",3.34057409837535,-0.267322314675802,10.7328917466785,0.00624609291892451,0.153639416092217
"RibesNigrum.24232",1.60181254230946,4.35162652188291,10.70033357891,0.00630528897311989,0.153805981120085
"RibesNigrum.12336",1.03201592348346,2.71453136552119,10.6260466008227,0.00640068663215146,0.154036857701684
"RibesNigrum.32344",2.57295913410611,2.71795199732226,10.6290574220154,0.0064371828133624,0.154513530113934
"RibesNigrum.20796",1.15069159520983,3.61332733808197,10.6266456451347,0.00644170176402662,0.154513530113934
"RibesNigrum.26417",0.857033162492706,5.54361392570652,10.5945918735106,0.0064597403825359,0.154667415370734
"RibesNigrum.32568",0.953567378597059,6.10732696161601,10.5585049939502,0.00654648235127351,0.15562063344587
"RibesNigrum.11448",0.891483209633951,5.14897736039935,10.5400759866867,0.00656360250316311,0.15577231643107
"RibesNigrum.4715",0.920408873497096,4.8796972276614,10.4872108691289,0.00667804938851837,0.157106783767994
"RibesNigrum.1136",0.938942143844042,3.69456229274885,10.4441914478349,0.00675104626854694,0.157775368920245
"RibesNigrum.4741",1.8661598109965,1.58084408871884,10.4628278179518,0.00675750609177748,0.157810556486422
"RibesNigrum.5190",1.29294766223379,1.00957295888036,10.4137106750585,0.0068119366348341,0.158241930070962
"RibesNigrum.35424",0.758717313583215,4.71409191606092,10.390389942505,0.00685895676484118,0.158496915183612
"RibesNigrum.17423",0.874598155836731,3.73452816890999,10.3348268659416,0.00697252012040133,0.159386451754924
"RibesNigrum.50615",1.13621772531973,4.23240532436221,10.3498705752694,0.00698581230358374,0.159386451754924
"RibesNigrum.4740",1.78010403016964,1.86947761906064,10.3447059034305,0.00699646458175299,0.159417298131016
"RibesNigrum.30677",0.894989423906237,3.4646208172786,10.2762151962171,0.00709470100562585,0.16039361663109
"RibesNigrum.15652",0.930768747853647,4.9551337283468,10.2775335069623,0.00711330149747397,0.160472454603779
"RibesNigrum.57023",2.18618677924268,-0.765058093206139,10.2547232887331,0.00714012775766591,0.160571245175733
"RibesNigrum.51631",2.15673861837746,-1.20058055319073,10.2406126108194,0.00719442303097608,0.161161147136928
"RibesNigrum.34548",2.7007903311972,1.82621523937662,10.2345921733021,0.00722815699545048,0.161240350603495
"RibesNigrum.38728",1.2059026453816,2.85743912962436,10.2210813292294,0.00725719840363976,0.161240350603495
"RibesNigrum.8948",1.29740139791479,3.71631116382834,10.21334608118,0.00727388660190939,0.161240350603495
"RibesNigrum.30425",1.77245925837806,-0.568379117630051,10.1893287650064,0.007280453308361,0.161273685455168
"RibesNigrum.15552",1.352880196804,4.12761871331652,10.1112544594345,0.00749839772636553,0.162653564792495
"RibesNigrum.8013",1.19106104692851,3.12686885852011,10.1069393945858,0.00750806401548058,0.162653564792495
"RibesNigrum.45052",5.39745014030501,-0.349624981166942,10.8364638162598,0.00752896259186635,0.162653564792495
"RibesNigrum.16914",1.05369208640059,6.12377972919735,10.0700870866591,0.0075912138277193,0.162653564792495
"RibesNigrum.26492",1.09579852433665,3.10056591020979,10.0639599758767,0.00759266395643619,0.162653564792495
"RibesNigrum.35394",3.09981830062127,-2.03390445740513,10.0554317673409,0.00762457937483816,0.162653564792495
"RibesNigrum.13804",4.65634719950129,-0.861070362712017,10.0320542262425,0.00767815812581603,0.162653564792495
"RibesNigrum.12890",2.81047593488149,-0.915125775582822,10.0317313847678,0.0076789011176106,0.162653564792495
"RibesNigrum.25540",1.78479387325908,-0.204616631932328,9.99329053338849,0.00772927676016172,0.162728606687503
"RibesNigrum.13800",4.65651004978486,-0.854234802459776,9.98512582788012,0.00778704699685343,0.163082573989329
"RibesNigrum.11694",1.54533574539663,0.742070261128784,9.9646224553328,0.00780993640805056,0.16320477220276
"RibesNigrum.32631",5.45017461027342,-2.66191956938069,10.6943643703049,0.00781849947828881,0.16320477220276
"RibesNigrum.25545",0.733783331278801,4.40313276874242,9.93839307361707,0.00784966666324276,0.163533866508133
"RibesNigrum.20359",1.14999163515466,1.41522676911056,9.86552610885761,0.00802458468049898,0.164547341098197
"RibesNigrum.39385",1.772147298844,0.630803377336856,9.88446586479724,0.00802675768271913,0.164547341098197
"RibesNigrum.30063",0.860163287068683,2.86804482275474,9.85866678827755,0.00804128383399804,0.164547341098197
"RibesNigrum.16684",3.02565398454414,-0.866966693255195,9.86727355335994,0.00806855651149371,0.164547341098197
"RibesNigrum.39644",0.877924449027345,3.46577288512137,9.82809462987806,0.0081162078439263,0.164547341098197
"RibesNigrum.833",1.19975705308255,5.61701383492982,9.8154594035175,0.00819607748661084,0.164925996373027
"RibesNigrum.13736",2.6640717911627,-0.650105464235821,9.79860732397024,0.00823805929536472,0.164957488909374
"RibesNigrum.29780",4.44099420329956,-1.48327577651076,10.4767350710347,0.00824160005619078,0.164957488909374
"RibesNigrum.36319",1.74058855139252,-0.460381648453003,9.76690197188443,0.00826863845744633,0.165237898007212
"RibesNigrum.5741",1.43034265663547,3.43692242028499,9.76477317664136,0.00832310829667311,0.16535318189786
"RibesNigrum.56183",3.26484269710108,-1.42271573761243,9.73392039910788,0.0084015591818114,0.16535318189786
"RibesNigrum.21045",1.49216516661686,2.61761636726035,9.72618194305306,0.00842137156194246,0.16535318189786
"RibesNigrum.7351",2.22248922598682,-1.72431264540813,9.71110350449287,0.00842523287021734,0.16535318189786
"RibesNigrum.55940",2.57241295299334,-1.45546800671559,9.70133184981228,0.00848536443495716,0.16535318189786
"RibesNigrum.14354",1.45282228883008,3.72365666112108,9.68995523802384,0.00851485064069273,0.165486304032109
"RibesNigrum.56953",1.11641930321135,6.99068379922367,9.64855209895162,0.00862317671364308,0.166380597419129
"RibesNigrum.7076",2.71085924296487,-2.2000794264746,9.64627230214415,0.00862918817992267,0.166388716878485
"RibesNigrum.9326",1.20268615077375,5.06631549648568,9.60786430811364,0.00873120460022554,0.167305690842423
"RibesNigrum.49127",0.986399991431981,1.95053671165041,9.58267680384597,0.00874814711081611,0.167365452293055
"RibesNigrum.54893",0.984190389374058,4.02439131834607,9.59443567588565,0.00876720505454914,0.167528824119741
"RibesNigrum.37428",2.35199998743994,-0.640513751815132,9.56428610089517,0.00884866660032674,0.168077177034471
"RibesNigrum.5598",2.58395967402977,2.23692209029728,9.54081374392987,0.00891270021588479,0.168689930289242
"RibesNigrum.2751",0.944207824944816,5.23694101765903,9.49767818910927,0.00903179479111727,0.169072024514339
"RibesNigrum.42543",1.64623998705635,-0.439356817122788,9.47424258388615,0.00904556613172979,0.169072024514339
"RibesNigrum.2737",0.768068294525109,4.0553031611908,9.46062070374061,0.00908375842580111,0.169311902220871
"RibesNigrum.51465",0.964246907924641,4.82778955514251,9.47048752629271,0.00910782315307487,0.169436379762171
"RibesNigrum.47142",1.48652673334437,2.00524910925916,9.46910337272316,0.0091117133965153,0.169436379762171
"RibesNigrum.48314",0.929971978842467,2.70821788676196,9.44613982938894,0.0091245660101019,0.169439623278146
"RibesNigrum.9251",2.04136296222752,0.364832085167082,9.45369953701944,0.00915513821983716,0.169680944242786
"RibesNigrum.53907",1.18356184997112,5.39203043069198,9.44333497820011,0.00918449313622583,0.169680944242786
"RibesNigrum.18081",1.45383899607176,6.44728357351893,9.43786032914976,0.00920004309286496,0.16969205134923
"RibesNigrum.43907",5.51654846162304,-2.02422094133809,10.0845854400277,0.0092229505444769,0.169721471198017
"RibesNigrum.15149",1.10942897347824,2.52080625529673,9.40446391756182,0.00925425564451111,0.169812036154717
"RibesNigrum.26692",1.03998059976643,2.19548775191407,9.39992632467953,0.00925623795967699,0.169812036154717
"RibesNigrum.16562",1.4208177189829,5.42774401768115,9.38824338616874,0.00934238649995803,0.170406937752942
"RibesNigrum.26216",5.29283407138746,-1.24470245493461,9.9853098290742,0.00947929427629903,0.171200692826343
"RibesNigrum.43985",1.31129105973556,5.25189164585833,9.33162573821392,0.00950797304252296,0.171200692826343
"RibesNigrum.52835",4.00884496124851,-0.864894102377578,9.93428695371731,0.00954091193328301,0.171413541298814
"RibesNigrum.19922",0.918171150447841,4.62176766937386,9.29612460490869,0.00961355317575185,0.17196936650686
"RibesNigrum.13951",1.12001053953402,4.63321733608038,9.29024697460856,0.00963116528569434,0.17196936650686
"RibesNigrum.15877",2.05753185589871,1.47054499964777,9.27545985807474,0.00965314729213839,0.17196936650686
"RibesNigrum.34467",1.34880429266701,0.897795007658873,9.25337422626096,0.00968873302385185,0.172065824443613
"RibesNigrum.36783",1.2963579940272,4.93245918481946,9.25631286081983,0.00973358907002345,0.172065824443613
"RibesNigrum.17547",0.782510853020049,5.63893445103108,9.23727885776072,0.00973765774957346,0.172065824443613
"RibesNigrum.51850",1.29635799882407,4.93255757016422,9.25329967222603,0.00974274528194786,0.172065824443613
"RibesNigrum.24295",1.78972024872724,-0.760453092164779,9.23390248514441,0.00974795745963405,0.172065824443613
"RibesNigrum.10682",0.925804107214674,5.04000591123045,9.2467847154711,0.00976257683920493,0.172095806660783
"RibesNigrum.53605",3.32810005464434,-2.10774174249978,9.22520195053823,0.00982861319409883,0.172972731870069
"RibesNigrum.40825",1.16112147712615,3.07210010645768,9.19697425631252,0.00991577155269881,0.173450933835773
"RibesNigrum.14040",0.744634476989428,5.52240034115859,9.14391040738245,0.0100272344406113,0.173969240670606
"RibesNigrum.42407",4.29747565281682,-1.08213796216127,9.75189994464704,0.0100818112487373,0.174169726590513
"RibesNigrum.9791",4.03485424557534,1.77120425205999,9.73958373442199,0.0101514399642502,0.174508347879777
"RibesNigrum.45310",4.8960488423581,-1.24092096995834,9.71906780600249,0.0102101015836571,0.174762265365833
"RibesNigrum.32842",2.14619738444402,-1.76092455726856,9.03750081724738,0.0103742460369736,0.176368402898521
"RibesNigrum.16944",1.99929973616943,6.00698420372859,9.05229652685358,0.0103769501554114,0.176368402898521
"RibesNigrum.36411",1.00256681716327,2.17070855672883,9.03221407713941,0.0103869882538339,0.176368402898521
"RibesNigrum.57343",1.45417031077243,3.63194483359752,9.03767075355084,0.0104249544220369,0.176500605703647
"RibesNigrum.52013",0.689523086916018,4.39978780118132,9.01808568960372,0.0104335606372816,0.176500605703647
"RibesNigrum.47027",1.89102234837039,-1.48851448250474,9.0096732932864,0.0104614070382597,0.176596534073516
"RibesNigrum.12203",1.02629671575577,2.19687952398007,9.00680814363063,0.0104709109940955,0.176663346825168
"RibesNigrum.22409",3.61590959527939,-2.66648860490101,8.98118959174088,0.0106127923936174,0.178136336733954
"RibesNigrum.12630",1.31652141400558,1.41444039282485,8.9737372848102,0.0106141384793446,0.178136336733954
"RibesNigrum.44357",1.66217031230245,-0.747381407616299,8.95594592404562,0.010641318691065,0.178310660486684
"RibesNigrum.38325",0.811330539303441,3.29270811555161,8.93803562286489,0.0107020960096238,0.178952528236512
"RibesNigrum.37570",0.876502453066339,3.58531425186573,8.92618206999104,0.0107425435855361,0.179402053532773
"RibesNigrum.34713",0.843509366900322,6.98374265814887,8.89171479435621,0.0108611756510078,0.180287592072539
"RibesNigrum.16941",2.86017656251709,-1.78402926292077,8.89579176938478,0.0109043780355214,0.180723723285714
"RibesNigrum.32968",1.59086976453998,2.18418748692609,8.87287008516235,0.0109842329731923,0.180748568419535
"RibesNigrum.30051",1.74494226947487,2.66179924329111,8.8671892813397,0.0110041296250434,0.180748568419535
"RibesNigrum.26657",0.830469584456384,4.7226743145159,8.84821667854437,0.011017866514086,0.180748568419535
"RibesNigrum.13248",1.20602490536758,2.83396867428849,8.86120658366527,0.0110251292911144,0.180748568419535
"RibesNigrum.44593",2.42018315738192,-1.79264260875218,8.83046350421259,0.011075799816278,0.18111320705735
"RibesNigrum.46876",0.71703773400895,4.27662204050952,8.8134346993571,0.0111363478358924,0.181536558043398
"RibesNigrum.2948",5.54168722709631,-2.33221580271572,9.4110707288675,0.0111415825634094,0.181536558043398
"RibesNigrum.59643",0.868014542994155,3.05483456471441,8.80479419962188,0.011167218319525,0.181675471067491
"RibesNigrum.47666",1.78379725830587,-1.74386632865437,8.80010270666938,0.0111840218788,0.181763180064946
"RibesNigrum.32093",1.76147105373242,0.781771440798502,8.8136257113388,0.0111938228784135,0.181821715945912
"RibesNigrum.28792",3.28732272319097,-2.62914077200821,8.81216772653372,0.0111990395770038,0.181821715945912
"RibesNigrum.37377",1.17173536540952,2.30293965841821,8.80050239609506,0.0112187602738978,0.182049103293297
"RibesNigrum.53682",1.9783147478789,-0.388060125176385,8.80410010969411,0.0112279571973109,0.182105574624817
"RibesNigrum.13162",0.830687852128097,3.33408315038025,8.7720966482366,0.0112849492975141,0.182393467211661
"RibesNigrum.19180",0.8591425099979,4.49436961364377,8.76968783063418,0.0113183003673963,0.182473089033535
"RibesNigrum.37041",1.77189577232764,-1.86661755480506,8.73956226272287,0.0114035373528183,0.182844067992369
"RibesNigrum.22951",0.716470476972476,4.82795597750776,8.73529751217973,0.0114191902966418,0.182844067992369
"RibesNigrum.18148",1.48528775107711,3.31549356856021,8.74882051030341,0.0114284717577952,0.182844067992369
"RibesNigrum.21123",5.65199956075529,-2.53821932637186,9.320280660383,0.0114353888912181,0.182862890432159
"RibesNigrum.52359",0.791196558485805,2.908433274132,8.71780085713417,0.0114836722283421,0.183175210396399
"RibesNigrum.25774",0.655662606249739,4.37511145092723,8.71415783444484,0.0114971517348973,0.18327780362685
"RibesNigrum.11462",4.17343478164666,-2.25291154491111,9.25223405095159,0.0115797231128222,0.183937812592902
"RibesNigrum.48209",5.0144796428696,-2.38687367503822,9.24639143435921,0.0116813830344086,0.18467694986081
"RibesNigrum.6756",4.27162983363217,-1.71220800702899,9.21408490136293,0.0117338145631747,0.184721254133591
"RibesNigrum.52931",1.14053343584141,0.672798896349713,8.64979720933295,0.011738373697385,0.184721254133591
"RibesNigrum.55840",0.746669967448646,3.9329124189374,8.64905374904452,0.0117411945918443,0.184721254133591
"RibesNigrum.38194",1.5257850106201,1.16730443560899,8.63772655685032,0.0118442697274109,0.185375571365967
"RibesNigrum.38415",1.67192727043349,-1.21959539696249,8.61665981727288,0.0118648804775003,0.185430139671073
"RibesNigrum.29118",1.3869121007172,0.306422998563891,8.61261689337489,0.0118804239300037,0.185430139671073
"RibesNigrum.51255",2.26053619617369,-1.13807975778257,8.62475124982067,0.0118939798958623,0.185522068464884
"RibesNigrum.24473",0.97834380062449,3.91348278791873,8.60028198442897,0.0119883918114023,0.186009855216955
"RibesNigrum.13535",0.769281829254716,4.86736109306262,8.57973925088507,0.0120077148243678,0.186037815182594
"RibesNigrum.14131",1.17611571940781,1.32568428704815,8.57059295008296,0.0120434096335577,0.18604790032364
"RibesNigrum.28605",1.83617958284247,-0.0525334418008304,8.58155417531307,0.0120612445622762,0.18615925555817
"RibesNigrum.42474",1.74233080001441,2.37896126904988,8.5660267559542,0.012122041161201,0.186347977827661
"RibesNigrum.51401",0.752275370319185,3.60212661598923,8.54393487762007,0.0121481578151439,0.186347977827661
"RibesNigrum.48632",1.16891874511793,7.73310911687807,8.54838922706976,0.012191535938747,0.186347977827661
"RibesNigrum.44487",1.14683057479178,5.03361442377348,8.53439698636616,0.0122469999728914,0.186468842173247
"RibesNigrum.49140",1.49570378657398,3.73147913457237,8.5254933251577,0.0122824472872748,0.18655331786671
"RibesNigrum.40111",0.696088275324636,6.84089959902725,8.50829496029186,0.0122898700084949,0.18655331786671
"RibesNigrum.49790",0.975297133583511,2.93349550141776,8.50226802832012,0.0123191084529916,0.186783759744009
"RibesNigrum.13649",1.59054747849556,2.3838310095663,8.49912581083138,0.0123881293115323,0.18701965454481
"RibesNigrum.32852",3.37456474749149,-0.853825158210395,8.49512038218873,0.0124042763086053,0.187040036157021
"RibesNigrum.1162",1.74781541018259,2.46295151913731,8.49028215382863,0.0124238134601755,0.187040036157021
"RibesNigrum.10254",0.701811621314085,5.40645542114464,8.46781842599882,0.012453168165302,0.187146450276693
"RibesNigrum.47604",1.01049243920832,3.09803115862958,8.45095989656452,0.0125708574610844,0.188349996973368
"RibesNigrum.32023",4.76393848927493,-2.73290958205914,8.93939678300057,0.0127739532811655,0.190068749250272
"RibesNigrum.45509",1.29751080819452,0.273401488329586,8.37037098436251,0.0128568463419101,0.190440299987235
"RibesNigrum.13664",1.65665722425941,-0.74559042918788,8.37009722507031,0.0128580017997128,0.190440299987235
"RibesNigrum.50112",1.29186902651268,2.52204849707583,8.38456916519712,0.0128598318978007,0.190440299987235
"RibesNigrum.45839",5.59971337491696,-0.358534184883058,8.88649948498472,0.0129743910132603,0.191513554836142
"RibesNigrum.41737",1.02854865705502,1.84304382003589,8.33549977506522,0.0130050117646815,0.191576061968767
"RibesNigrum.12458",1.11674619444498,6.01282523516132,8.34015759572357,0.013048344951889,0.191716780487764
"RibesNigrum.60477",1.95717902219927,-0.775725303458225,8.32321997700799,0.0130576634583991,0.191765242878674
"RibesNigrum.26741",1.09272979184229,4.89658661915954,8.32576248999185,0.0131101416178229,0.191828411159454
"RibesNigrum.43862",1.13389394146042,4.03266797857461,8.31925046126185,0.0131382097664378,0.192150842011069
"RibesNigrum.41990",2.6651870294409,-2.5375174948215,8.29918960806139,0.0131614220949405,0.192207397226351
"RibesNigrum.981",1.0199383304807,2.24255911180125,8.29252977306244,0.0131903487893767,0.192207397226351
"RibesNigrum.4522",0.877415170879642,4.51762960999367,8.30487202990848,0.013200433625925,0.192266398134529
"RibesNigrum.21451",3.12044876366068,-2.90092312054473,8.28610366384857,0.0132183309543905,0.192439083282063
"RibesNigrum.53763",2.0059660986107,-0.693654508577819,8.28760337196608,0.0132756225060356,0.192709833034923
"RibesNigrum.36814",4.90200009690728,-0.372138451665375,8.80023120762049,0.0133094416087977,0.192709833034923
"RibesNigrum.11964",1.76166335755534,-1.29393720818785,8.26482090856327,0.0133115036074306,0.192709833034923
"RibesNigrum.5649",1.03753920149965,5.05655373497201,8.27757430376099,0.0133195202498698,0.192709833034923
"RibesNigrum.47603",1.59447309095779,5.51090644255263,8.27709434893486,0.0133216253011522,0.192709833034923
"RibesNigrum.37886",0.830528433397037,3.82420666912041,8.25095598608645,0.0133726161818787,0.19271734511482
"RibesNigrum.51205",1.98152037249147,-0.827838815873985,8.2453920225213,0.0133972329348504,0.19271734511482
"RibesNigrum.20898",1.13699553007818,3.77405352438981,8.25197772480624,0.0134323316594838,0.19271734511482
"RibesNigrum.8824",1.38051839265122,3.66610091833475,8.24877866285999,0.0134465094647335,0.19271734511482
"RibesNigrum.26881",1.40186149867772,4.26222506415431,8.24386768733986,0.013468308403136,0.19271734511482
"RibesNigrum.36385",1.44774177494736,2.14329573687963,8.23429167891245,0.013510933904409,0.19271734511482
"RibesNigrum.4764",0.822575492988528,4.76008207733463,8.22213057707955,0.0135218315979182,0.19271734511482
"RibesNigrum.46217",4.73118417856823,-2.50140104203586,8.74419950067293,0.0135326295774851,0.19271734511482
"RibesNigrum.5760",1.07167267150362,0.172194542955876,8.21471947862468,0.0135338953042586,0.19271734511482
"RibesNigrum.19738",1.17328463003607,3.47648632982161,8.22696597035074,0.0135436495308059,0.192770067986725
"RibesNigrum.44914",1.48620523041724,3.17581281570099,8.21523192658437,0.013596245997731,0.193017992713518
"RibesNigrum.32738",1.95054997647965,1.35958461614564,8.21367376294659,0.0136032482858554,0.193017992713518
"RibesNigrum.60243",0.86266581482056,2.47734205214256,8.19841347134041,0.0136072120956014,0.193017992713518
"RibesNigrum.42964",1.62619642414603,1.56218194886383,8.20143899184603,0.01365837781606,0.193023055436014
"RibesNigrum.44990",1.97632469984304,8.75359464927024,8.19409925367375,0.0136915762260489,0.193155264215894
"RibesNigrum.21124",1.12626725686163,2.17822909645726,8.17091439090274,0.0137656400341868,0.193302040152068
"RibesNigrum.15135",1.1641708419079,2.69760045621959,8.15906870489407,0.0138513329332388,0.194002370765765
"RibesNigrum.21011",1.30662691934433,1.24035846311915,8.14632285295641,0.0138825323413949,0.194096243602209
"RibesNigrum.11328",4.38772663238893,-1.38627342515438,8.6361963568868,0.013975650357787,0.194448836700836
"RibesNigrum.7959",4.88874803167475,-0.659255954768752,8.62742633374285,0.0140123833912677,0.194505890583763
"RibesNigrum.52922",1.94698418496594,1.08381322292903,8.11007834787952,0.0140784358595564,0.194848873649002
"RibesNigrum.51399",0.680499140106023,5.07801843523354,8.09550485276248,0.0140808115187885,0.194848873649002
"RibesNigrum.10339",1.9670085490231,-1.12802956833484,8.10920344861305,0.014082531129738,0.194848873649002
"RibesNigrum.9553",1.33749696427184,1.87587559450185,8.10818433742129,0.0140873031962596,0.194848873649002
"RibesNigrum.44505",1.48427831439431,6.75674303760933,8.08661998626115,0.0141887261294859,0.195572341899024
"RibesNigrum.47520",1.19390642499195,2.19180487200887,8.07246374006549,0.0142557726294968,0.195907483750742
"RibesNigrum.5283",1.69378507053353,1.87829141685213,8.07129777591896,0.0142613113936801,0.195907483750742
"RibesNigrum.16647",3.20625508783605,-2.4093654313577,8.06326318993435,0.0142617653028686,0.195907483750742
"RibesNigrum.38666",1.03074555446071,3.64808383916104,8.06181849142119,0.0143064353609369,0.19599987676424
"RibesNigrum.57647",1.11844044932861,7.3745617625386,8.05117258585858,0.0143573126281832,0.196113995050664
"RibesNigrum.12535",0.917084382283152,3.0327000815637,8.02319252770561,0.0144251791959537,0.196493969144801
"RibesNigrum.2360",4.56358603614022,-1.8973135018536,8.51853034172449,0.0144782950255306,0.196838075007789
"RibesNigrum.4185",0.803029504029914,3.58187025624461,8.00824827488075,0.0144975729684166,0.196917950061955
"RibesNigrum.19908",0.735591139798513,6.11689625510911,7.99863196300151,0.0145443821295314,0.197231480780798
"RibesNigrum.32315",0.992458550525818,3.01071174357906,8.00460230783175,0.0145582527827101,0.197306748194712
"RibesNigrum.40730",0.880739530253967,2.64397557743434,7.98896963779389,0.014591593879345,0.197451415222029
"RibesNigrum.5200",1.54881025459647,3.81335638725043,8.4799278047156,0.014647909606045,0.19788457230053
"RibesNigrum.58489",1.2661902831808,3.8293712801638,7.98787878189727,0.0146642176740618,0.19788457230053
"RibesNigrum.40726",1.97886333254042,-0.243404711464285,7.98308318941255,0.0146877831558094,0.197913149615933
"RibesNigrum.45517",1.73085751393148,0.585777923338795,7.97525870962953,0.0147263280374076,0.198263927854431
"RibesNigrum.9223",1.03258310838811,3.7810414313817,7.97100639944437,0.0147473255151292,0.198462740582563
"RibesNigrum.43084",3.91698254360613,-0.603874479528102,8.44384788985211,0.0147597371666373,0.198500466360148
"RibesNigrum.27393",1.17327715386269,2.57868963023783,7.95968174227788,0.0148034171499052,0.198566465285136
"RibesNigrum.24317",1.29518119085023,6.08329484303289,7.94952486554435,0.0148539378065356,0.198566465285136
"RibesNigrum.14971",1.2951812416659,6.08338402400409,7.942612345701,0.0148884366595,0.198682975011191
"RibesNigrum.58213",2.23401616735883,1.52694647643484,7.93480811085008,0.0149274989501715,0.198954205673123
"RibesNigrum.23988",1.08170453929653,4.24398186672453,7.92814533716118,0.0149609431369746,0.198974142179524
"RibesNigrum.27006",0.97206301423167,3.56286701765725,7.92614594589551,0.0149709963505343,0.198974142179524
"RibesNigrum.47545",0.987988228033679,5.47451336318123,7.91989208344041,0.0150024928579684,0.19903765410151
"RibesNigrum.23487",1.50845268405803,0.614574444840476,7.9080596790034,0.0150622977913416,0.199415807915791
"RibesNigrum.20565",0.98001193875601,3.00235451136171,7.89940205320952,0.0150764670891994,0.199520474723455
"RibesNigrum.13490",1.42909247090776,3.05442574333674,7.89890450560025,0.0151087631886592,0.199852122998404
"RibesNigrum.50424",1.634515014622,-0.352872890198992,7.86487662105664,0.0152141995091882,0.200060108300801
"RibesNigrum.35804",5.19486214733473,-0.694709636159157,8.35442237923453,0.0152161109668511,0.200060108300801
"RibesNigrum.12885",0.949317922073331,2.90172642008529,7.8663949678269,0.0152187242298796,0.200060108300801
"RibesNigrum.16534",1.14403179930134,4.22044129183769,7.87579289563271,0.0152268124376383,0.200060108300801
"RibesNigrum.53806",2.95022828745201,-2.04666165213062,7.87194447705197,0.0152465743466399,0.200060108300801
"RibesNigrum.37416",0.862361932591715,3.72141335646373,7.86165821362642,0.0152537570020882,0.200060108300801
"RibesNigrum.44952",0.997520604627636,2.99087304120337,7.86736194079253,0.0152572874917164,0.200060108300801
"RibesNigrum.22157",1.23926975819285,0.513574085236609,7.85544960149219,0.0152627578800812,0.200060108300801
"RibesNigrum.7593",2.57182643286824,-0.885318545488195,7.86270540794796,0.0152941406772798,0.200238206795755
"RibesNigrum.41756",0.963514259288612,3.56089046627241,7.84974487961481,0.0153611604674576,0.200620912476587
"RibesNigrum.19603",1.04373457881925,2.50898833808176,7.84145876529424,0.0153708939728602,0.200665760906348
"RibesNigrum.8450",1.46362489179565,3.94680875011828,7.84154813388344,0.0154037243993529,0.2007812769301
"RibesNigrum.23543",5.68114689285378,-2.54666882556763,8.30358014464326,0.0154538063859095,0.201171045613715
"RibesNigrum.19903",1.16460517623499,-0.272168209618182,7.81134970560492,0.0154923443746374,0.201179428336608
"RibesNigrum.7056",5.06979206186874,-2.45832266071393,8.29228226717357,0.0155072303018301,0.201208681887779
"RibesNigrum.45588",1.2024534144973,4.33153873666572,7.81916016011786,0.0155206877823547,0.20130129829769
"RibesNigrum.7031",1.55539818061091,3.33029033117283,7.80819371933274,0.0155783610173844,0.201802810836829
"RibesNigrum.7849",0.951097472935149,4.36357346685783,7.79924212709482,0.0156256246253824,0.201998221785919
"RibesNigrum.40877",0.94377057703364,3.25266971330893,7.7869234555586,0.0156573280101896,0.20225001072043
"RibesNigrum.59772",1.35956109580962,5.66528092363122,7.7873822624066,0.0156885032172974,0.202406472856942
"RibesNigrum.16178",0.794944148514382,3.01782616646858,7.74619532868525,0.0158390007474388,0.203155081799858
"RibesNigrum.39613",0.762095453828894,2.74590896921277,7.74205668732618,0.0158613263149447,0.203155081799858
"RibesNigrum.55029",0.921876832497263,3.8984129426013,7.73524999213618,0.0159684457257938,0.203598277860439
"RibesNigrum.21335",0.611256971196087,5.04677840299848,7.7185696883645,0.0159887267611321,0.203598277860439
"RibesNigrum.15250",3.01607223132435,-1.88293991519112,7.71916798979115,0.016055984760593,0.203638567642562
"RibesNigrum.21244",1.19081534216205,1.7540700718941,7.67631412071377,0.0162209704324304,0.204553757780933
"RibesNigrum.38552",1.20925359752994,4.9695916187937,7.68672532954083,0.0162343009503205,0.204559898129553
"RibesNigrum.7258",0.700267603414314,4.00983068807482,7.67099105138845,0.0162505068337476,0.204642173686099
"RibesNigrum.47226",1.70946819871105,2.14201686742631,7.68165422074587,0.0162623832644196,0.204670863889697
"RibesNigrum.23875",3.01072997683539,0.678355298861921,7.6721334464062,0.0163152607972245,0.2047715853786
"RibesNigrum.54614",1.65108312493603,-1.13594535316127,7.65416641396882,0.0163442785652746,0.2047715853786
"RibesNigrum.12822",0.857524803778045,3.70245997399513,7.65907926555164,0.016347038724788,0.2047715853786
"RibesNigrum.39428",0.846464410966125,7.62029799600757,7.64526658424273,0.0164062485315367,0.2047715853786
"RibesNigrum.26666",0.85118005166207,3.45476448900756,7.63646746234442,0.016451487146102,0.2047715853786
"RibesNigrum.44134",2.26444409947869,2.59135081723002,7.64094237982031,0.0164899133602113,0.205023302176492
"RibesNigrum.3504",3.16666420979495,-0.965691742057129,7.61404928756978,0.016642264993807,0.206053627269935
"RibesNigrum.59065",1.36713402373362,5.64205760830712,7.61192719637347,0.0166543570549981,0.206102521223741
"RibesNigrum.37093",0.737128743974737,4.42554289990634,7.59575647735952,0.0166747921504574,0.206115183997156
"RibesNigrum.3277",1.66131384577151,0.316707514451916,7.59279013129128,0.0167638710807935,0.20657499009965
"RibesNigrum.54760",2.55486308561225,-2.21116492732648,7.5789304452777,0.0168437131516729,0.206679367770951
"RibesNigrum.50840",0.857840520755749,8.15096891364752,7.55991902344977,0.0168814630972709,0.206823894423256
"RibesNigrum.26002",1.37521092319833,1.9746429110702,7.56009115014007,0.0169529590434441,0.207460452312665
"RibesNigrum.37839",0.857865868874258,3.09888587226209,7.54063594784679,0.0169939106465881,0.20748903430574
"RibesNigrum.22248",1.45236491752581,1.69986664121538,7.54650554470828,0.0170322565118149,0.20748903430574
"RibesNigrum.39701",0.734053233139416,6.19939738864263,7.52947940026181,0.0170593706568028,0.207645851318989
"RibesNigrum.30274",2.22257084493212,-1.82430928145078,7.5245764022427,0.0171013178027525,0.207918082934687
"RibesNigrum.41323",2.48435004412948,3.74974581821428,7.5285014591269,0.0171380166345861,0.207985881800567
"RibesNigrum.39121",2.75211406421738,0.163032105909932,7.52084887633166,0.0171832032547316,0.20818926416148
"RibesNigrum.34268",2.02928784564493,-1.29510910026814,7.50756402327299,0.0172619799916606,0.208692789635291
"RibesNigrum.58964",2.5889454639326,-2.54830158015037,7.47830268145982,0.0174341214504252,0.209802230707156
"RibesNigrum.23789",0.763404263650318,4.07632093054339,7.46292782779069,0.0174560648829004,0.20990769753866
"RibesNigrum.35582",1.04634360514475,2.83515641888447,7.47299082873629,0.017468990491072,0.209983857774569
"RibesNigrum.37263",1.46380989354053,3.85657036550143,7.46875165322034,0.0174945732667651,0.210053575891268
"RibesNigrum.45130",1.13655945052703,7.74906378238234,7.46666522120578,0.0175071807334433,0.210105898492552
"RibesNigrum.55006",1.05301555376159,2.71345251585108,7.45281102035572,0.0175911674891478,0.210499267167285
"RibesNigrum.57853",4.20432039269048,-1.63434939078801,7.8818867518021,0.0176075690575626,0.210616411851145
"RibesNigrum.19461",3.20688605733816,-1.74415844890204,7.43936538884815,0.0176731306119538,0.210706611298775
"RibesNigrum.34246",2.30611347343208,-2.23492030730355,7.41565212172293,0.0178187807878864,0.211353816556932
"RibesNigrum.50891",0.8622653153821,3.54444881430601,7.40038229979144,0.01787737205951,0.211914502699812
"RibesNigrum.51977",1.03344036423044,2.48194040303481,7.38144517006103,0.0180114398728877,0.212456462703903
"RibesNigrum.9551",0.915725739215671,6.47548369024768,7.38199946604005,0.0180279095809716,0.212456462703903
"RibesNigrum.54589",0.922158346476305,3.35765081313586,7.37927818104464,0.0180449463011273,0.212456462703903
"RibesNigrum.32814",0.893735097224264,1.6822298305377,7.36685687656627,0.0180479918672765,0.212456462703903
"RibesNigrum.13879",1.41620591944204,4.38758703745441,7.37719772164361,0.0180579838735994,0.212466909379826
"RibesNigrum.12304",4.35026957193399,-1.93378346900878,7.79750399793022,0.0180809199823715,0.212466909379826
"RibesNigrum.59889",1.49477962383961,0.440602429023032,7.37330117742232,0.018082432075366,0.212466909379826
"RibesNigrum.36002",0.784615318259672,5.8909595116427,7.36145129392532,0.0181050960018056,0.212473469979481
"RibesNigrum.6370",0.685698728107006,3.4875247529342,7.35481624119236,0.0181238291519088,0.212473469979481
"RibesNigrum.26537",1.60277841300888,1.53948484982948,7.36636153054073,0.0181260701464932,0.212473469979481
"RibesNigrum.20795",0.943744965776819,2.11008639251342,7.34749145837286,0.0181701470587014,0.212473469979481
"RibesNigrum.2420",1.29394827382109,-0.590913614011819,7.34688410283603,0.0181739938822545,0.212473469979481
"RibesNigrum.15663",1.18662484397474,5.06652685383773,7.35838623224341,0.0181763736326391,0.212473469979481
"RibesNigrum.27694",0.977959155507085,1.70631444799318,7.33168753710179,0.0182705569994833,0.212805211186009
"RibesNigrum.57011",1.95598610144174,-0.620499171928765,7.33757877212106,0.0183083895417991,0.212922760301011
"RibesNigrum.1942",0.654582861391825,3.7971142895351,7.31951961374119,0.0183483101029503,0.213075854910456
"RibesNigrum.56670",0.604582504583297,4.29980213930312,7.31228346169598,0.0183947335180433,0.213226288749546
"RibesNigrum.54709",1.08046218186834,7.01145583144507,7.32120560338669,0.0184130645549103,0.213305728905193
"RibesNigrum.37175",0.796193652071817,3.14936025748611,7.30758176372034,0.0184249711625993,0.213305728905193
"RibesNigrum.18233",2.27266064838111,-1.99269756529862,7.30613719304947,0.0184384147369308,0.213305728905193
"RibesNigrum.60514",1.9559644759514,-0.623919401793108,7.31720211118335,0.0184387661824668,0.213305728905193
"RibesNigrum.38390",1.56034924059082,0.339733286016359,7.30794281519013,0.0184983708190302,0.213317660427395
"RibesNigrum.49129",4.58190972587033,1.48696850874372,7.72350010923983,0.0185087051786496,0.213317660427395
"RibesNigrum.33138",2.6163837967743,-0.447983563690807,7.28793405806635,0.0186279482949474,0.214060124454277
"RibesNigrum.15801",3.95522497577005,-1.52643804470048,7.28433859030547,0.0186513456684586,0.21425170029682
"RibesNigrum.35608",1.00831816703126,2.89497170144729,7.27862131249311,0.0186886218565516,0.214352880222669
"RibesNigrum.35488",1.27985405406964,3.81962678446236,7.27722527594737,0.0186977372064142,0.214352880222669
"RibesNigrum.37975",0.674021559168329,5.38333715395512,7.2641212563359,0.0187072583355001,0.214352880222669
"RibesNigrum.58617",3.51637303895218,-2.42331817941823,7.27119719356527,0.0187371573496665,0.214526005859307
"RibesNigrum.16584",1.05448388301568,1.96315902842891,7.25434935511642,0.0187839588764079,0.214760410233817
"RibesNigrum.6695",0.693981749340576,4.91335423261138,7.24587780327177,0.0188272669004882,0.214954752633746
"RibesNigrum.22039",2.13526701576738,10.3764988029843,7.25553160997017,0.0188400590743512,0.215023734057465
"RibesNigrum.38538",1.35945524906741,-0.636469241346048,7.24213046169901,0.0188520294458102,0.215083290102736
"RibesNigrum.32529",1.75314032840017,3.44172957953616,8.31459713274946,0.0189252969750563,0.215651619045526
"RibesNigrum.42023",0.980354067848448,3.87789114999101,7.24206965191406,0.0189290172916622,0.215651619045526
"RibesNigrum.47791",1.22418909439434,1.80521870132679,7.23476301891414,0.0189775072109274,0.215819176971396
"RibesNigrum.24567",3.09980136347162,-2.05805312416193,7.2279818054918,0.019022640997394,0.216101000831308
"RibesNigrum.37838",1.0935035503564,0.469277491344064,7.21243009507489,0.01904965031718,0.216103981223618
"RibesNigrum.20584",1.69037918239755,0.227715573868837,7.22376558190971,0.0190507666143539,0.216103981223618
"RibesNigrum.29698",4.02403791075109,-1.44381657392078,7.22115606735259,0.0190681986910177,0.216103981223618
"RibesNigrum.7044",1.77468651953639,5.92099214895228,7.21850069097473,0.0190859563977839,0.216103981223618
"RibesNigrum.19993",1.68006364651192,-1.64000040200918,7.20216654406242,0.0191185075719553,0.216341364190786
"RibesNigrum.38056",5.07058480315447,-1.91687313414152,7.61942816122354,0.0191311102558285,0.216407097332799
"RibesNigrum.39464",3.6763040160772,-0.951826026596425,7.60089301530578,0.0191425718074206,0.216415618483561
"RibesNigrum.4489",1.33240697110189,2.80046200103295,7.20469750426999,0.019178578565012,0.216482792916334
"RibesNigrum.53495",1.64608587238607,1.76355388560913,7.20067016279923,0.0192057024137168,0.216525376189667
"RibesNigrum.28853",1.02473869231993,1.36171956437298,7.17937171263904,0.019272485340677,0.216857661801501
"RibesNigrum.57553",1.11040537640696,2.93180499148156,7.19069785798115,0.0192730596019354,0.216857661801501
"RibesNigrum.12710",1.8096446198454,-1.46384662456647,7.17556105708125,0.0193084556453892,0.21709688732856
"RibesNigrum.37572",0.688673836309361,3.88983971875199,7.16030100273318,0.0194024278857038,0.217736762712536
"RibesNigrum.16315",0.852369617803404,2.32268744358439,7.15266118706289,0.0194547722678781,0.217845564523602
"RibesNigrum.35586",1.16611324227898,2.23486491159574,7.15834069303889,0.0194935355125268,0.217952188969922
"RibesNigrum.13614",1.39613832576985,1.79128586037199,7.15616006684261,0.0195085003390406,0.217952188969922
"RibesNigrum.27568",1.84805914936824,3.58010771337974,7.15479597498599,0.01951786846647,0.217952188969922
"RibesNigrum.53065",1.39432001035348,1.08076907261376,7.15152820406206,0.0195403319620101,0.217986479404147
"RibesNigrum.1277",0.782617224915903,2.40389741302709,7.13358166213602,0.0195862228586289,0.218103330596832
"RibesNigrum.13749",5.30950003155267,-0.440010314686323,7.54402799363675,0.0195978266469971,0.218103330596832
"RibesNigrum.15355",1.29071336228293,3.49895874474873,7.13598636048703,0.0196475878734216,0.218295871684678
"RibesNigrum.39817",0.792792940190581,4.39518816804156,7.11659573512636,0.0197512481105532,0.2189780056301
"RibesNigrum.22072",4.80081648858368,-1.57197985166539,7.50450297420473,0.0198479566492429,0.219445421830092
"RibesNigrum.27178",1.31926127205447,5.59492109148503,7.10262414340432,0.0198801725712393,0.219445421830092
"RibesNigrum.22038",2.11585467182893,10.1834327357243,7.10174774876214,0.0198863258946255,0.219445421830092
"RibesNigrum.48721",1.03857237836474,3.60206811674973,7.09502111574046,0.0199336294816802,0.219711361075932
"RibesNigrum.36705",0.815078022314255,4.7698346942593,7.06943234811882,0.0201147911136503,0.22069589607356
"RibesNigrum.6312",4.05140141450659,-1.2228961519094,7.46112988410364,0.0201268781972026,0.22069589607356
"RibesNigrum.49307",0.703881865824077,4.56654151607607,7.05191510767274,0.0201608096273058,0.220763246796311
"RibesNigrum.18076",1.09878310149776,3.69263480852372,7.05604809844858,0.0202103195871986,0.220763246796311
"RibesNigrum.12878",0.885609941623393,2.07142281015728,7.03276922380841,0.02029837009903,0.221205706854088
"RibesNigrum.20585",1.68109364221158,4.95611380938399,7.04104969483544,0.0203180040506683,0.22134394700068
"RibesNigrum.7377",1.25201708700362,2.95411547534436,7.0385933461451,0.0203357042572972,0.221385346347213
"RibesNigrum.59542",1.12499138484846,1.77413189433992,7.02364120260184,0.0204075072658513,0.22154677146093
"RibesNigrum.32317",1.24460020761298,0.230454513944751,7.01722568787167,0.0204108606856404,0.22154677146093
"RibesNigrum.21777",1.31203433827105,0.785432697199138,7.01280296007531,0.0205226472516519,0.222007415443941
"RibesNigrum.7443",0.792566082081174,4.8222751566833,7.00402116073106,0.0205857628115363,0.2221241077032
"RibesNigrum.26433",0.611995069763113,3.38599573596031,6.99220917552406,0.0205934521882067,0.2221241077032
"RibesNigrum.45109",0.983944945796312,4.02260083594316,7.00107110029943,0.0206083552734933,0.2221241077032
"RibesNigrum.9519",1.88822957593445,0.852181633367065,7.00086616626647,0.0206098561755756,0.2221241077032
"RibesNigrum.6836",3.48827665920966,-0.354407568683209,6.99932865094087,0.0206211207822203,0.2221241077032
"RibesNigrum.44950",1.0316277787686,0.744152734303547,6.98538991543937,0.0206435577095377,0.2221241077032
"RibesNigrum.43948",2.5524276110278,0.987092666704247,6.99166756843185,0.0206773578590393,0.2221241077032
"RibesNigrum.56613",1.36014742324094,3.43674799198106,6.9911915557182,0.0206808580401134,0.2221241077032
"RibesNigrum.53481",0.952748394519158,2.78680585668275,6.98079397239134,0.0207041877804644,0.2221241077032
"RibesNigrum.23493",0.987212655073033,2.76414348496186,6.98734104204229,0.0207091970061889,0.2221241077032
"RibesNigrum.56990",0.792386038344776,4.52609022526,6.98506094372842,0.0207103848772055,0.2221241077032
"RibesNigrum.24212",4.17494219084646,-2.42184577897385,7.35335494585497,0.0207921199329596,0.222643676803018
"RibesNigrum.36292",1.22585866314744,1.47738837419234,6.96506164577308,0.0207937759304633,0.222643676803018
"RibesNigrum.12702",1.24358140472386,2.16434113770232,6.97356199611435,0.0208109830854001,0.222657777987813
"RibesNigrum.25300",1.00112558879191,3.26947396863509,6.96947083927063,0.0208413178647991,0.222657777987813
"RibesNigrum.43310",0.999958275194994,2.66059850614687,6.96910640876005,0.0208440225390739,0.222657777987813
"RibesNigrum.21879",1.65453357018164,2.4499237300961,6.95983759758373,0.0209129514964494,0.222870912334526
"RibesNigrum.25214",1.0431894043176,4.2422635918075,6.95083109634685,0.0209801869803474,0.223214053464257
"RibesNigrum.22949",0.893936884870497,4.17059060065076,6.94656047995338,0.0210121569962771,0.223404956261485
"RibesNigrum.15504",0.805810342587721,2.7258961290375,6.92512075165123,0.021092686670985,0.224036826014523
"RibesNigrum.41555",4.39541551422205,0.134437737784927,7.29312114260384,0.0212528685972723,0.224999568240497
"RibesNigrum.38894",1.21894557006627,2.98713358236418,6.91450550434132,0.0212539618520643,0.224999568240497
"RibesNigrum.11354",1.48433627429628,-1.00537650947277,6.89789315933661,0.0212993528126436,0.225142537900957
"RibesNigrum.31998",1.20683167484916,0.644610563466254,6.88752766149353,0.0213803444794717,0.225438428682254
"RibesNigrum.41679",2.01862793015091,1.82353921007277,6.89157351263156,0.021428959806511,0.2258015500088
"RibesNigrum.4979",1.07871071228961,-0.219945215808831,6.85820418078505,0.021604889531891,0.226531320325496
"RibesNigrum.13686",1.5583189296298,3.50800715166361,6.8634633569913,0.0216457935495322,0.226587915801368
"RibesNigrum.49669",0.699545656482187,3.59129898349189,6.85210331870941,0.0216523117363714,0.226587915801368
"RibesNigrum.60562",0.773514325007362,3.69493787038297,6.85201910960822,0.0216529671532418,0.226587915801368
"RibesNigrum.18116",2.42246933789273,-2.09858736481049,6.84091079296006,0.0218216276754456,0.226674928142941
"RibesNigrum.58613",1.64917145209041,2.75437043098672,6.83354621244477,0.021879410670569,0.226674928142941
"RibesNigrum.25324",0.901113350442571,3.8783397880402,6.83352644524338,0.0218795660077269,0.226674928142941
"RibesNigrum.56079",0.694175788726756,4.73452669336129,6.82098477228362,0.0218961120705666,0.226674928142941
"RibesNigrum.11738",0.941263662710516,2.53039644576589,6.81769404802726,0.02194646532878,0.226901235502421
"RibesNigrum.9243",0.728290070339035,4.33908134426032,6.80386212346346,0.0220316384468283,0.22718762357016
"RibesNigrum.1613",0.719583411874082,4.16195077022284,6.80264217367572,0.0220413320224878,0.22718762357016
"RibesNigrum.31275",1.14388051538329,1.59216953096918,6.80924247554295,0.0220500047824433,0.22718762357016
"RibesNigrum.36013",0.944988334919588,5.07792496259309,6.81161858506913,0.0220525266308805,0.22718762357016
"RibesNigrum.57660",1.02263754531237,5.43715644205805,6.81087401091877,0.0220584332222831,0.22718762357016
"RibesNigrum.48853",1.60239828902438,1.78258657290678,6.80498262660205,0.0221052344359577,0.22718762357016
"RibesNigrum.32882",1.07187114137079,2.02470570478026,6.79945344499505,0.0221164170003598,0.22718762357016
"RibesNigrum.15599",0.785277815637416,2.33865331579245,6.79318117353144,0.022116678710575,0.22718762357016
"RibesNigrum.15777",1.08319147247421,5.21881769611905,6.80173634783563,0.022131072893144,0.22718762357016
"RibesNigrum.25989",1.13391206227124,4.92712493692416,6.79656387263811,0.0221723162874766,0.227317979730054
"RibesNigrum.15440",0.911683759737174,1.57764745961551,6.77010658876427,0.0223017182485393,0.228239388560062
"RibesNigrum.39129",3.71760031069767,-1.81661657231402,6.77612907104361,0.0223361438765095,0.228269949607935
"RibesNigrum.21572",0.865619898866349,6.29037936062518,6.75718862302592,0.0224892661033261,0.22883301062706
"RibesNigrum.15606",2.15672064191739,0.49567221690831,6.75602889461657,0.022498681934414,0.22883301062706
"RibesNigrum.11143",3.55263321477245,-1.7027434202322,6.74585094045817,0.0225815162992492,0.228929510963751
"RibesNigrum.30267",1.70351622238112,0.559022283269512,6.74185139326049,0.0226141653643606,0.228929510963751
"RibesNigrum.39992",1.36893985653769,-0.240933410578862,6.73167391020263,0.022628141772892,0.228929510963751
"RibesNigrum.3062",1.798947085969,-1.26384221261538,6.73996064341353,0.0226296192781094,0.228929510963751
"RibesNigrum.29560",1.97951404715009,1.94024080361049,6.73935803429452,0.0226345472773368,0.228929510963751
"RibesNigrum.44901",0.993499953006746,2.98174356200037,6.73890029715884,0.0226382913918531,0.228929510963751
"RibesNigrum.41222",0.746516908544523,3.77172440259965,6.72349942657172,0.0226810592915012,0.228929510963751
"RibesNigrum.35583",1.14547099210832,2.30117222650249,6.73004573900975,0.0227108621032724,0.228929510963751
"RibesNigrum.43291",1.83716206281844,3.2365495279186,6.72568852107202,0.0227466738789669,0.228929510963751
"RibesNigrum.6714",4.01135004894616,0.558467013251641,7.08435424120252,0.0227597269115031,0.228929510963751
"RibesNigrum.21614",0.950636033648178,2.20731010547776,6.71342396974913,0.0227640604549536,0.228929510963751
"RibesNigrum.43720",0.666514102137834,6.82169883103596,6.71290484648577,0.022768346650467,0.228929510963751
"RibesNigrum.21364",1.81260985382631,0.145338476970458,6.72292658644471,0.0227694085563851,0.228929510963751
"RibesNigrum.25322",0.935970114394111,3.77941543992721,6.72184319970334,0.0227783336923642,0.228929510963751
"RibesNigrum.26437",1.68880103829127,-1.60533893387612,6.71122003954187,0.0227822639846592,0.228929510963751
"RibesNigrum.29792",1.69350000654928,0.450746990656903,6.71352882713061,0.0228469664080011,0.228929510963751
"RibesNigrum.1488",0.871059575741289,1.49140801171777,6.70200890968824,0.0228585298083123,0.228929510963751
"RibesNigrum.13167",1.08436826259144,5.15540507297487,6.71073027836199,0.0228701224127044,0.228929510963751
"RibesNigrum.41890",3.20337818317614,-0.279103553032008,6.71006289252902,0.0228756486407312,0.228929510963751
"RibesNigrum.6761",0.707213760126542,2.68608621542782,6.69966581162142,0.0228779780139812,0.228929510963751
"RibesNigrum.11113",1.06545490134789,0.77232184057301,6.69939206911119,0.0228802514054118,0.228929510963751
"RibesNigrum.53628",3.1317671794947,-2.18617388834494,6.7091887204712,0.0228828895243481,0.228929510963751
"RibesNigrum.14076",1.47255681591714,1.16680347926926,6.70736579107721,0.0228979977830546,0.228936855424175
"RibesNigrum.12318",1.16457275497647,2.90272883369915,6.70381919020034,0.0229274253609424,0.229018918819156
"RibesNigrum.1407",1.17484877738438,6.43013515884699,6.69938497347024,0.0229642805722093,0.229119870962848
"RibesNigrum.7174",0.762373957043173,5.38621017430879,6.69335013086759,0.0229819208531943,0.229119870962848
"RibesNigrum.1070",4.59495954213441,-2.58959185069541,7.05244054963597,0.0230012788860203,0.229119870962848
"RibesNigrum.37501",4.10941993969484,-1.79013030463043,7.05005768634511,0.0230194383378679,0.229119870962848
"RibesNigrum.48896",0.711422427983364,3.18476277862675,6.68151618606022,0.0230292856720345,0.229119870962848
"RibesNigrum.33809",4.2172333380608,2.85637741303847,7.04542022366297,0.0230548293677947,0.229119870962848
"RibesNigrum.32082",1.17186531038979,1.29058353528718,6.67622370779962,0.0230736291348765,0.229119870962848
"RibesNigrum.6143",0.864068821263473,7.58560601640837,6.6827114511181,0.0231034897416487,0.229335793777026
"RibesNigrum.1700",0.996850067546084,5.73791648136001,6.6753373666661,0.0231653739183791,0.229466092306584
"RibesNigrum.19747",4.04443658579733,-2.63702878993446,7.01122125153603,0.0232554120816372,0.229568280480985
"RibesNigrum.17548",2.02001211217134,0.824283365993244,6.66208179777383,0.0232771082108425,0.229568280480985
"RibesNigrum.1355",1.72272615384484,1.86151333518063,6.66010418013381,0.023293832418504,0.229568280480985
"RibesNigrum.23209",0.863662379494641,3.85031815397496,6.65454091320053,0.0233409555727773,0.229901916764146
"RibesNigrum.40682",1.42376740515749,0.0385858268611639,6.65048615072118,0.0233496835949857,0.229916791726329
"RibesNigrum.11759",1.13369104133618,0.772682916358384,6.63570391432063,0.0234164808490932,0.229985429765705
"RibesNigrum.58989",1.63919905034171,0.929666446009492,6.64174038218481,0.023449808753357,0.229985429765705
"RibesNigrum.17701",5.76666388238471,-2.46964611515837,6.99182540075714,0.0234686420206155,0.229985429765705
"RibesNigrum.32538",3.86717978231338,-2.75236336396588,6.97626057510376,0.0234726826270255,0.229985429765705
"RibesNigrum.55109",1.44596168267427,-1.05016800858391,6.96690407383882,0.0235461289034128,0.230143722028018
"RibesNigrum.32095",0.860869771516919,4.02379259663076,6.62789199147879,0.0235682473693404,0.230289248988641
"RibesNigrum.1905",1.40189463772593,3.01254408106139,6.62634956666945,0.0235814825865577,0.230347913619199
"RibesNigrum.11908",2.66304558446631,0.0579759761222581,6.61637448999796,0.0236672884855849,0.230620314291777
"RibesNigrum.46066",1.60285018741719,-0.384549772492772,6.60223318447815,0.0237410092881847,0.231055945574652
"RibesNigrum.23127",0.664774749044756,3.78395386055961,6.59187182182102,0.0237941383662776,0.231162931847008
"RibesNigrum.17515",1.46803731667848,1.16816589597901,6.59072573182122,0.0238896155603238,0.231484740460332
"RibesNigrum.17810",5.16288074519406,-0.451444050944823,6.93584428724064,0.023910487751033,0.231484740460332
"RibesNigrum.1582",1.54699480403763,3.17401034870116,6.58831176215121,0.0239106667108658,0.231484740460332
"RibesNigrum.10116",1.05886267130527,3.83028478003165,6.57367151920541,0.0240388073630393,0.231759131277922
"RibesNigrum.57900",4.02300452624883,1.16708646836567,6.90672379813018,0.0241442965705577,0.232145337332525
"RibesNigrum.60583",0.727577436946472,4.67751184929989,6.54527657682575,0.024221682067599,0.232396825476295
"RibesNigrum.47225",1.64319855838602,0.595968652485388,6.8932895203604,0.0242530902585242,0.232530498455573
"RibesNigrum.47788",1.08470731913176,3.00494139395889,6.5476395667779,0.0242686613611632,0.232530498455573
"RibesNigrum.13485",1.31524439502016,-0.552278732401939,6.53544812194408,0.024290903577477,0.23257061693927
"RibesNigrum.47158",1.8265312821971,4.9746383532598,6.5441850424996,0.0242993581392166,0.232581656901024
"RibesNigrum.19763",2.00007210046807,-1.67217925489427,6.54257714076818,0.024313661512269,0.232648655395559
"RibesNigrum.28662",0.733537961749111,2.90049380738501,6.52639962187102,0.0243717008191933,0.232741500281054
"RibesNigrum.23853",5.14884823062795,1.90192818785222,6.87817134999219,0.0243762288945274,0.232741500281054
"RibesNigrum.57844",0.726394974718086,4.67782797488481,6.5278870296748,0.0243766184859603,0.232741500281054
"RibesNigrum.3801",4.31902575668806,0.689352785699725,6.87696122131889,0.0243861180656136,0.232741500281054
"RibesNigrum.53811",0.794824309945844,7.23150048925966,6.52989359196562,0.024389123122313,0.232741500281054
"RibesNigrum.56212",1.38366791603412,0.196257665162297,6.53044150573121,0.0244219370918989,0.232830833143259
"RibesNigrum.20447",0.790420172250437,6.92017425659536,6.52604621052261,0.0244336968257987,0.232830833143259
"RibesNigrum.36031",1.66007555016938,0.46029798411258,6.52795847879969,0.0244441609825863,0.232830833143259
"RibesNigrum.39409",0.794687028167468,7.23077813403632,6.51884371432598,0.0244881608378908,0.232919043096498
"RibesNigrum.32173",1.84126649897399,0.636589202116848,6.51416865884377,0.024568019299424,0.233330617462794
"RibesNigrum.9515",1.80961286912416,1.45848283641324,6.51413493833153,0.0245683230786046,0.233330617462794
"RibesNigrum.6657",3.77952651781409,-0.685944572546084,6.84922244462794,0.0246141327770893,0.233349870793453
"RibesNigrum.26810",1.36408848692752,5.80705366113624,6.50656614655168,0.0246366205714545,0.233349870793453
"RibesNigrum.54868",0.9011401478323,1.84200042109,6.49663205836727,0.0246397501273314,0.233349870793453
"RibesNigrum.33868",1.20765986129494,2.67141412681017,6.50099576029153,0.0246870284102412,0.233349870793453
"RibesNigrum.27235",3.6609513844465,-2.24541374858505,6.8219738781733,0.0247199731650855,0.233367013153074
"RibesNigrum.18075",0.868704477001177,7.18593119246769,6.49423747541387,0.0247483492851314,0.233511231673157
"RibesNigrum.47683",0.60810869616382,4.21072810717921,6.48320598831663,0.024761784760917,0.233518567317109
"RibesNigrum.42473",2.71256750936897,-0.491580273557205,6.48719938735675,0.0248124000262279,0.23375086618189
"RibesNigrum.51056",1.90715156407973,-1.79747697553808,6.47569886896886,0.024830330358394,0.233799983220894
"RibesNigrum.6901",0.94931614796769,6.31742938314636,6.48150706118436,0.0248643466198716,0.233919212678827
"RibesNigrum.18265",2.16083450820592,-2.26287765262602,6.47049732429491,0.0249435288885655,0.234399217552808
"RibesNigrum.23120",0.582648482535508,4.58419615770396,6.46007303428475,0.0249737246080488,0.234399217552808
"RibesNigrum.19645",3.3452779695351,-1.56471721796027,6.46594056449237,0.025007058660278,0.234399217552808
"RibesNigrum.8728",1.0852476271639,0.869140544878293,6.45550698759595,0.0250158102146055,0.234399217552808
"RibesNigrum.50846",1.14506501964087,2.09031185640411,6.45770764760725,0.0250447593978015,0.234399217552808
"RibesNigrum.32171",0.840756642111222,2.32057947163655,6.45149624230335,0.0250528465625997,0.234399217552808
"RibesNigrum.6047",2.05789140185278,8.55091149179925,6.45755523108818,0.0250843349652282,0.234399217552808
"RibesNigrum.19679",1.8122539790176,2.7207650369708,6.45582985417743,0.0251002703672715,0.234399217552808
"RibesNigrum.34140",0.896785245689399,5.39800436770168,6.45239752167075,0.0251320065627161,0.234399217552808
"RibesNigrum.60452",0.993071486748542,3.18783460467289,6.44084107388968,0.0252392089532938,0.234856165185584
"RibesNigrum.36941",1.11635378999724,5.87205635649976,6.43949990422423,0.0252516851074856,0.234856165185584
"RibesNigrum.51233",1.74243445823629,-1.76036014213445,6.4293756082414,0.025258280153007,0.234856165185584
"RibesNigrum.41293",0.851402518735751,3.33505623634939,6.43749565046993,0.0252703431293109,0.234856165185584
"RibesNigrum.48293",0.838752395742129,5.24274694671318,6.42876351151814,0.025351822522528,0.235302142958219
"RibesNigrum.13083",0.94234873099252,2.24511634007738,6.41253379879345,0.0254233096173345,0.235759564643544
"RibesNigrum.40808",0.616079624154892,4.62230462355128,6.40911858548369,0.0254481508466572,0.235797475259628
"RibesNigrum.34942",2.78771598072814,-1.92813445869413,6.40794974769367,0.0254879736442671,0.235797475259628
"RibesNigrum.15311",1.91487233413868,0.58729240597232,6.41323008294991,0.0254975321510055,0.235797475259628
"RibesNigrum.26550",0.844540852891102,3.20282937029466,6.40671128098475,0.0255182903961337,0.235797475259628
"RibesNigrum.5842",1.49906514170039,2.45660814303274,6.38669211812587,0.0257487617875384,0.236651740761008
"RibesNigrum.55049",0.710064400971787,5.4824207316289,6.3786301316824,0.0257524397469848,0.236651740761008
"RibesNigrum.39418",0.680081998918132,3.00006183767863,6.37645608349288,0.0257578562857708,0.236651740761008
"RibesNigrum.8299",1.35561457735203,-1.1506473083433,6.37320029452142,0.0257889705993984,0.236651740761008
"RibesNigrum.40073",0.84267904380368,3.20248564064483,6.37715516640091,0.0258010817899103,0.236651740761008
"RibesNigrum.53706",0.619520494498102,3.71570894389918,6.37133941843046,0.0258067741800991,0.236651740761008
"RibesNigrum.58658",0.830003695288428,5.97951343947337,6.37635998601554,0.0258473634159533,0.236810746169623
"RibesNigrum.52281",2.02285678073389,-1.76521691555855,6.37619900009061,0.0258489032596151,0.236810746169623
"RibesNigrum.16095",1.64423333057003,5.46250509061966,6.36342863531585,0.0259713985563601,0.237565175685715
"RibesNigrum.57017",1.00364013058709,2.18349642574119,6.35909294519884,0.0259743509972668,0.237565175685715
"RibesNigrum.13676",0.820834773973519,3.26497074181096,6.35226473361027,0.0260198518892449,0.237565175685715
"RibesNigrum.11826",0.562412714061765,5.66303229843836,6.34898960162907,0.0260217385446612,0.237565175685715
"RibesNigrum.34650",1.66368004184879,-1.72180012673523,6.34349956235513,0.026074865383947,0.237754409439802
"RibesNigrum.51984",1.14098985898805,0.563513902139887,6.33952507871726,0.0261134061175461,0.237865724469063
"RibesNigrum.16435",2.50163142273025,-2.42314199855929,6.33210714419395,0.026185518045214,0.238304074368735
"RibesNigrum.28046",1.96912231000332,2.48940401177873,6.33899465426859,0.0262076881802918,0.238383694830102
"RibesNigrum.2124",0.76098124457256,2.75398384571263,6.31548970906533,0.026347915376818,0.239249286320742
"RibesNigrum.7691",1.04320559469085,4.87363630189696,6.31740535420411,0.0264185825038202,0.239408472705949
"RibesNigrum.37354",1.0748350091328,4.41215338809866,6.31492956035965,0.0264428950372052,0.239408472705949
"RibesNigrum.48425",0.745141233352107,5.4938176850524,6.31185473602661,0.0264459621855835,0.239408472705949
"RibesNigrum.44835",1.07341149112562,1.65291330890552,6.30841978439016,0.0264556358361569,0.239408472705949
"RibesNigrum.21357",1.05139594211768,3.13392149836811,6.30729412737382,0.0265180422560246,0.239437972312207
"RibesNigrum.16993",1.19495510835142,1.24227525567103,6.30715494680121,0.0265194143964165,0.239437972312207
"RibesNigrum.41212",1.61753181248025,4.18306797058482,6.3071056602792,0.0265199003178615,0.239437972312207
"RibesNigrum.52320",2.73082459147918,-1.89418466863178,6.3012755497575,0.026577454285707,0.239693722768095
"RibesNigrum.58410",1.90587884025294,-1.82626069861515,6.28855394932951,0.0266678038442582,0.240109567465134
"RibesNigrum.42322",0.823495470335363,5.60829341346427,6.29129452097103,0.0266763282243709,0.240109567465134
"RibesNigrum.58636",0.907150238436949,5.18357358247276,6.28852334387746,0.0267038570149301,0.240158107044262
"RibesNigrum.31975",0.823577190067914,5.60759157175292,6.28796542664777,0.0267094034038352,0.240158107044262
"RibesNigrum.19651",0.792337218108659,3.30136438790387,6.28029795817214,0.0267118783593213,0.240158107044262
"RibesNigrum.186",1.05334375387485,3.98227876872643,6.28641855614005,0.0267247883297801,0.240206379079237
"RibesNigrum.11621",1.331935539671,-0.562078466797057,6.2623581198888,0.026875186979752,0.241149917198034
"RibesNigrum.49094",1.16869386363412,5.91402771638711,6.26731105867382,0.0269156940599171,0.241241564036185
"RibesNigrum.60529",2.42104816321802,-0.964926142733369,6.26606399725982,0.0269282095122128,0.241285846920402
"RibesNigrum.33943",0.879520546121391,2.28781539522844,6.25313364469077,0.026967993182485,0.241432971094867
"RibesNigrum.56629",2.11943511666946,3.10911292261411,6.26141309113509,0.0269749464471223,0.241432971094867
"RibesNigrum.2350",1.84898834082192,4.09972953281546,6.25599873354265,0.0270294760291502,0.241450843847679
"RibesNigrum.48285",0.746903270857317,3.71638717928034,6.24792873407072,0.0270304904702841,0.241450843847679
"RibesNigrum.41624",2.06327100711313,-1.9643568379482,6.24635982979878,0.027126874770745,0.241651239043038
"RibesNigrum.8815",0.724395219716059,3.29798986969514,6.23308021725155,0.0271710560793283,0.241896819550286
"RibesNigrum.23256",1.27851615544488,7.43049838040819,6.22238120449801,0.0273709766542369,0.242929810628048
"RibesNigrum.40139",1.10141151310634,1.53975568891396,6.21747240124551,0.0273936827594551,0.243063231511625
"RibesNigrum.57020",0.65780158354357,3.96230595910866,6.20974486239983,0.02740962827668,0.243063231511625
"RibesNigrum.513",4.14302706370843,-2.72251164766602,6.52500370766903,0.0274799158532152,0.243489635490491
"RibesNigrum.58449",0.676185132208891,3.27089614874442,6.20209664761725,0.0274883582621775,0.243496708588265
"RibesNigrum.54181",2.00670433828619,3.45699377336846,6.20927180027791,0.0275055268118458,0.243513354937337
"RibesNigrum.39596",1.68176865086147,-1.33937772395169,6.20627851544485,0.0275363582707792,0.243650876765945
"RibesNigrum.30320",3.3728118191387,-2.27482338475942,6.19902721219494,0.0276112176062676,0.243859765577376
"RibesNigrum.60507",0.995381678395581,2.16269490935136,6.19506118332702,0.0276124212928666,0.243859765577376
"RibesNigrum.29231",1.83508033169235,-0.84019430754433,6.19435478690882,0.0276595810839612,0.243859765577376
"RibesNigrum.7068",0.790903570632642,2.55217259105683,6.18446687332109,0.0276708565945144,0.243859765577376
"RibesNigrum.5933",0.643656441581659,5.56923383241996,6.17824026887717,0.027735654153009,0.244021067098845
"RibesNigrum.54697",1.1268933074957,6.7027177301051,6.18622798043868,0.0277439388936727,0.244021067098845
"RibesNigrum.22995",1.45159911442374,2.16973963901798,6.18556485425905,0.02775083567327,0.244021067098845
"RibesNigrum.41101",1.3697043807997,4.51403975588445,6.18456128614588,0.0277612770387295,0.244021067098845
"RibesNigrum.771",0.598724909494368,3.37090178267071,6.16770122441114,0.0278457380782999,0.244251121731809
"RibesNigrum.31429",0.748647019566787,3.0698889040304,6.16436673999497,0.0278806752791337,0.244251121731809
"RibesNigrum.59427",1.7824701619396,3.64746494390052,6.16973966572295,0.0279160265373447,0.244251121731809
"RibesNigrum.40482",0.605212114268328,3.28325190690849,6.16078131363957,0.0279182994931663,0.244251121731809
"RibesNigrum.20239",1.35893533734883,6.47714504899859,6.16919372769358,0.0279217459975512,0.244251121731809
"RibesNigrum.34319",1.07394778672945,3.65201370600753,6.16835730143571,0.0279305114116925,0.244251121731809
"RibesNigrum.58203",1.06915951633901,6.07050293694854,6.16583157161782,0.0279569997925595,0.244251121731809
"RibesNigrum.23417",0.963922496883352,7.23655285009225,6.16134332102665,0.0280041432167658,0.244251121731809
"RibesNigrum.3883",0.659556665548717,3.87492927856632,6.15252133482877,0.0280052052012483,0.244251121731809
"RibesNigrum.2505",1.34452578224087,0.815245104637583,6.16116565842688,0.0280060112705747,0.244251121731809
"RibesNigrum.44894",2.62519015635168,-0.989274885815412,6.16017009000344,0.0280164820136987,0.244251121731809
"RibesNigrum.24938",1.16940288742868,4.76539284414158,6.15995393826153,0.0280187559686627,0.244251121731809
"RibesNigrum.1141",1.29510405993652,1.10181715189439,6.14689422843785,0.0280645926141015,0.244363080706713
"RibesNigrum.56807",0.853643853576942,3.37611081530613,6.14824681498737,0.0281422434095811,0.244595640264338
"RibesNigrum.38830",1.13710856121658,4.42046162501052,6.14306729834242,0.0281970823945717,0.24477585653323
"RibesNigrum.11044",1.18984642131552,3.5047671725377,6.14279813056453,0.0281999357025659,0.24477585653323
"RibesNigrum.42523",0.838437071385871,3.73191884696985,6.13355874825927,0.0282980847793979,0.245177734179702
"RibesNigrum.6362",2.48947229671433,-2.21819568804481,6.13256131993318,0.0283087044876929,0.245177734179702
"RibesNigrum.2602",1.86465008251817,4.0915203694582,6.13250757033954,0.0283092768981272,0.245177734179702
"RibesNigrum.24682",1.34920428413317,1.51006699829779,6.13025350581985,0.0283332940502573,0.245314909051624
"RibesNigrum.24394",0.627949377169049,3.97292059687737,6.12077739659405,0.0283421790508216,0.245314909051624
"RibesNigrum.26256",1.37790987979751,-0.301972362579993,6.12006138703324,0.0283995664658532,0.245454539591258
"RibesNigrum.5317",1.77508389034272,-1.33052538150229,6.12085406718416,0.0284337053774014,0.245454539591258
"RibesNigrum.55713",1.99899963492728,3.98702221535929,6.11835604311203,0.0284604616984556,0.245618950675319
"RibesNigrum.4997",1.89300482960705,-1.02612909285012,6.11153540606415,0.0285336691772447,0.246026030855668
"RibesNigrum.40921",2.25939919548164,-1.07124268516411,6.10795846538705,0.0285721502616873,0.246049547022381
"RibesNigrum.50844",4.03548332592847,-1.93839047680136,6.40565066612913,0.0286354009626495,0.246398408676633
"RibesNigrum.14883",0.626787027587992,3.96995735683637,6.08927422140093,0.0286813411549989,0.24658986265893
"RibesNigrum.3372",1.43940398876567,-0.887366238192744,6.08425740949282,0.0287592941071571,0.246697858964295
"RibesNigrum.35649",1.88889753017014,1.10472564175503,6.09005035137533,0.0287657322799207,0.246697858964295
"RibesNigrum.23054",0.556205212354522,4.78312245157992,6.07194242103388,0.0288699782632238,0.246697858964295
"RibesNigrum.28050",1.96204519195366,1.92739027411453,6.07963973156948,0.0288789808501444,0.246697858964295
"RibesNigrum.7347",2.25556557435271,3.52538011453899,6.07789219097524,0.0288980425236272,0.246697858964295
"RibesNigrum.26427",0.762409630679212,3.0267139289408,6.06872064616688,0.0289052049775081,0.246697858964295
"RibesNigrum.13454",1.1569767701477,4.06413753388013,6.07631427329517,0.0289152667768883,0.246697858964295
"RibesNigrum.30450",1.43078043892572,-0.482213246866975,6.06892432062338,0.0289316563144229,0.246744037547424
"RibesNigrum.26409",1.0390414932182,4.83322055804737,6.07389396654753,0.0289417099795725,0.246747928538178
"RibesNigrum.35843",1.02395388963019,1.65087709182992,6.05835509539132,0.0290266056980343,0.246922862525035
"RibesNigrum.24540",0.627856141817573,3.11967042509908,6.05618749850801,0.0290427255771603,0.246922862525035
"RibesNigrum.10134",0.683869657202853,4.00271260775301,6.05491180249979,0.0290567665085171,0.246922862525035
"RibesNigrum.24934",0.864513549448424,5.85385770821616,6.06329771142303,0.02905781704644,0.246922862525035
"RibesNigrum.9843",0.694023908251649,2.88490315527495,6.05245199296596,0.0290838630153634,0.24701667630316
"RibesNigrum.45092",1.19526855846907,1.16780643276607,6.05470319769417,0.0291523948772982,0.247342597205557
"RibesNigrum.52482",1.24523255170422,2.78304414642658,6.05346335515576,0.0291660686684814,0.247342597205557
"RibesNigrum.3047",0.73345018623633,3.47641765534556,6.04394223895152,0.0291778344026344,0.247342597205557
"RibesNigrum.31540",0.78577849577787,4.1848694094995,6.05216173158457,0.0291804319802375,0.247342597205557
"RibesNigrum.27236",1.51929117930362,0.0385752764489117,6.04789737219125,0.0292275474556353,0.247610185279736
"RibesNigrum.29450",1.1933933168718,-0.260175832911606,6.03745808175625,0.029249678407611,0.247665937266358
"RibesNigrum.39778",0.66938206821239,3.24839590838348,6.03600948746073,0.0292657572792333,0.247733297153232
"RibesNigrum.33896",1.31650136227674,2.86991317493234,6.03804182281753,0.0293367826713651,0.247876359473121
"RibesNigrum.30713",0.86884854160136,3.95362475849322,6.03600463268032,0.0293594222802033,0.248001866166427
"RibesNigrum.44208",0.71500621740775,4.1995252946789,6.02741216831136,0.029390270643617,0.24819662807046
"RibesNigrum.15706",0.781061549089688,5.9116035166399,6.02919278919245,0.0294352735065508,0.248510787775687
"RibesNigrum.57876",1.27264844716951,-0.0649126018381244,6.02006073510266,0.0294712773062107,0.248590870571183
"RibesNigrum.56524",1.33985065929507,2.90757084500485,6.02560390318805,0.0294753296485875,0.248590870571183
"RibesNigrum.34036",1.29107129643858,0.0733663911069051,6.01816223617055,0.0294837794003243,0.248590870571183
"RibesNigrum.1200",0.855573300490526,4.89904066106804,6.01690922407696,0.0295726398949972,0.249142256338334
"RibesNigrum.2074",0.855006774080872,3.74427178045402,6.01409131652069,0.0296042591939053,0.249306404233754
"RibesNigrum.11203",0.627267264139807,6.32150664627231,5.99839114393094,0.0296869875213294,0.249530380237171
"RibesNigrum.41599",1.18233824485757,1.31271971589578,6.00610349266662,0.029694106819184,0.249530380237171
"RibesNigrum.24561",1.39174198910806,5.17282980611345,6.00575214671511,0.0296980661816828,0.249530380237171
"RibesNigrum.60047",0.88940214547362,4.75124393920412,5.99949219171876,0.0297687151763848,0.249633736628625
"RibesNigrum.45527",1.55134357221603,-1.23891941834609,5.99301608933741,0.029776787680268,0.249633736628625
